{
  "users": [
    {
      "name": "Karyn",
      "age": 17,
      "location": "-32.82217, 73.7158",
      "regdate": "2015-07-30T13:13:00-07:00"
    },
    {
      "name": "Eric",
      "age": 97,
      "location": "30.978, 154.29652",
      "regdate": "2015-07-14T22:48:06-07:00"
    },
    {
      "name": "Tate",
      "age": 22,
      "location": "65.12128, -103.44334",
      "regdate": "2016-05-11T08:57:30-07:00"
    },
    {
      "name": "Chaim",
      "age": 19,
      "location": "-78.22431, 95.40501",
      "regdate": "2017-06-05T03:38:54-07:00"
    },
    {
      "name": "Leroy",
      "age": 23,
      "location": "-48.49566, -68.27032",
      "regdate": "2015-12-09T11:45:07-08:00"
    }
  ]
}